[{"place":"Pennsylvania","count":150},{"place":"Pennsylvania, USA","count":30},{"place":"Ennismore, Peterborough, Ontario, Canada","count":30},{"place":"Ireland","count":22},{"place":"Germany","count":18},{"place":"Michigan","count":13},{"place":"Ontario, Canada","count":12},{"place":"Hungary","count":12},{"place":"Detroit, Wayne, Michigan, USA","count":10},{"place":"Julian, Centre, Pennsylvania, USA","count":9},{"place":"Cambria, Pennsylvania, USA","count":9},{"place":"Peterborough, Ontario, Canada","count":8},{"place":"Pennsylvania, United States","count":8},{"place":"Northumberland County, Pennsylvania, USA","count":7},{"place":"Jackson, Cambria, Pennsylvania, USA","count":7},{"place":"Ennismore, Peterborough County, Ontario, Canada","count":7},{"place":"Czechoslovakia","count":7},{"place":", Cambria Co, Pennsylvania, USA","count":7},{"place":"Wales","count":6},{"place":"Steffisburg, Bern, Switzerland","count":6},{"place":"Cambria, Pennsylvania, United States","count":6},{"place":"Cambria County, Pennsylvania, USA","count":6},{"place":"Belsano, Cambria, Pennsylvania, United States","count":6},{"place":"Vinco, Cambria, Pennsylvania, USA","count":5},{"place":"Port Matilda, Centre, Pennsylvania, USA","count":5},{"place":"Pennsylvania, Somerset, Pennsylvania, United States","count":5},{"place":"Michigan, USA","count":5},{"place":"Johnstown, Cambria, Pennsylvania, USA","count":5},{"place":"Huston, Centre, Pennsylvania, USA","count":5},{"place":"Centre County, Pennsylvania","count":5},{"place":"Canada","count":5},{"place":"Bedford County, Pennsylvania, USA","count":5},{"place":"Altoona, Blair, Pennsylvania, USA","count":5},{"place":"Tyrone, Blair, Pennsylvania, USA","count":4},{"place":"Somerset, Pennsylvania, USA","count":4},{"place":"Salem, Essex, Massachusetts, USA","count":4},{"place":"Richmond, Berks, Pennsylvania, USA","count":4},{"place":"Oldenburg, Birkenfeld, Rheinland-Pfalz, Germany","count":4},{"place":"Moreland, Lycoming, Pennsylvania, USA","count":4},{"place":"Montgomery, Montgomery, Pennsylvania, United States","count":4},{"place":"Maryland, United States","count":4},{"place":"Logans Ferry, Allegheny, Pennsylvania, USA","count":4},{"place":"Lancaster, Pennsylvania, United States","count":4},{"place":"Lancaster, Lancaster, Pennsylvania, United States","count":4},{"place":"Lancaster County, Pennsylvania, USA","count":4},{"place":"Karthaus, Clearfield, Pennsylvania, USA","count":4},{"place":"Italy","count":4},{"place":"Illinois","count":4},{"place":"Haslingfield, Cambridgeshire, England","count":4},{"place":"Dambach, Birkenfeld, Rheinland-Pfalz, Deutschland","count":4},{"place":"Cumberland, Pennsylvania, United States","count":4},{"place":"Conemaugh, Cambria, Pennsylvania, USA","count":4},{"place":"Campden, Lincoln, Ontario, Canada","count":4},{"place":"Cambria Co, PA","count":4},{"place":"Bucks, Pennsylvania, United States","count":4},{"place":"Bremen, Stadt Bremen, Bremen, Germany","count":4},{"place":"Blacklick, Cambria, Pennsylvania, USA","count":4},{"place":"Bedford County PA","count":4},{"place":"Aaigem, Oost-Vlaanderen, Belgium","count":4},{"place":"Shrewsbury Twp, York County, Pennsylvania","count":3},{"place":"Schuylkill County, Pennsylvania, USA","count":3},{"place":"Salem, Essex, Massachusetts, United States","count":3},{"place":"Rouen, Seine-Maritime, Haute-Normandie, France","count":3},{"place":"Richmond, Berks, Pennsylvania, United States","count":3},{"place":"Pilghausen, Solingen, Nordrhein-Westfalen, Germany","count":3},{"place":"Philipsburg, Centre County, Pennsylvania, USA","count":3},{"place":"Perry County, Pennsylvania","count":3},{"place":"Penns Valley, Centre, Pennsylvania, USA","count":3},{"place":"PA","count":3},{"place":"Of Birkenfeld, Oldenburg, Germany","count":3},{"place":"Northumberland, Northumberland, Pennsylvania, USA","count":3},{"place":"Nanty Glo, Pennsylvania","count":3},{"place":"Moore, Northampton, Pennsylvania, United States","count":3},{"place":"Matlock, Derbyshire, England","count":3},{"place":"Listowel,, Kerry, Ireland","count":3},{"place":"Lancaster, Pennsylvania, USA","count":3},{"place":"Juniata County, Pennsylvania, USA","count":3},{"place":"Johnstown, Cambria, Pennsylvania, United States","count":3},{"place":"Jackson Twp, Cambria, Pennsylvania, USA","count":3},{"place":"Jackson Township, Cambria County, Pennsylvania, United States of America","count":3},{"place":"Indiana County, Pennsylvania, USA","count":3},{"place":"Indiana County, Pennsylvania","count":3},{"place":"Freeburg, Snyder County, Pennsylvania, USA","count":3},{"place":"Frederick, Maryland, United States","count":3},{"place":"Frederick, Frederick County, Maryland","count":3},{"place":"England","count":3},{"place":"Detroit, Wayne, Michigan","count":3},{"place":"Detroit, Wayne County, Michigan, USA","count":3},{"place":"Campden, Ontario","count":3},{"place":"Cambria City, Cambria, Pennsylvania, United States","count":3},{"place":"Buffalo Valley, Union, Pa, USA","count":3},{"place":"Birkenfeld, Oldenburg, Niedersachsen, Germany","count":3},{"place":"Bern Twp, Berks Co, PA","count":3},{"place":"Berks, Pennsylvania, United States","count":3},{"place":"Belsano, Cambria, Pennsylvania, USA","count":3},{"place":"Belfast, Bedford, Pennsylvania, USA","count":3},{"place":"Austria Hungary","count":3},{"place":"Altoona, Blair, Pennsylvania, United States","count":3},{"place":"of Perry, Pennsylvania, United States","count":2},{"place":"of Achtelsbach, Birkenfeld, Oldenburg, Germany","count":2},{"place":"Wolfskirchen, Nassau-Saarwerden, Germany","count":2},{"place":"Wolfskirchen, Alsace, Fra,-, Fra","count":2},{"place":"Wolfhagen, Kassel, Hesse, Germany","count":2},{"place":"Wolfhagen, Hessen-Nassau, Preussen, Germany","count":2},{"place":"Windsor Castle, Windsor Township, Berks, Pennsylvania, United States","count":2},{"place":"Wherum India, Pennsylvania","count":2},{"place":"Westmoreland, Pennsylvania, United States of America","count":2},{"place":"Westmoreland, Pennsylvania, USA","count":2},{"place":"Virginia","count":2},{"place":"Vintondale, Pennsylvania, USA","count":2},{"place":"Vintondale, Pennsylvania","count":2},{"place":"Vail, Blair, Pennsylvania, USA","count":2},{"place":"Tyrone, Blair County, Pennsylvania, USA","count":2},{"place":"Trenton michigan","count":2},{"place":"Terrasini Favarotta, Provincia di Palermo, Sicilia, Italy","count":2},{"place":"Switzerland","count":2},{"place":"Städten, Burgenlandkreis, Sachsen-Anhalt, Germany","count":2},{"place":"Strezneva, Czechoslovakia","count":2},{"place":"Stratfordshire, England","count":2},{"place":"Stone Valley, Centre, Pennsylvania, United States","count":2},{"place":"Steffisberg, Bern, Switzerland","count":2},{"place":"St Louis, Missouri, USA","count":2},{"place":"St Giles, London, England","count":2},{"place":"St Giles, Cripplegate, London, Middlesex, England","count":2},{"place":"Solingen, Solingen, Nordrhein-Westfalen, Germany","count":2},{"place":"Slovakia","count":2},{"place":"Shingletown College Twp Centre County, Pennsylvania","count":2},{"place":"Selinsgrove, Snyder Co. ( Union Co., ), Pennsylvania","count":2},{"place":"Scotland, United Kingdom","count":2},{"place":"Salem, Essex, Massachusetts","count":2},{"place":"Saint Barnabas Church, Queen Anne Parish, Prince Georges, Maryland","count":2},{"place":"Roucy, Champagne, France","count":2},{"place":"Rothesay, Isle of Bute, Scotland, U.K.","count":2},{"place":"River Rouge, Wayne, Michigan, USA","count":2},{"place":"Richmond Township, Berks, Pennsylvania","count":2},{"place":"Prince George, Maryland, United States","count":2},{"place":"Prince George, Dinwiddle, Virginia, United States","count":2},{"place":"Poland","count":2},{"place":"Pisdorf, Nassau-Saarwerden, Germany","count":2},{"place":"Piricse, Szabolcs-Szatmar-Bereg, Hungary","count":2},{"place":"Pineville, Bell, Kentucky, USA","count":2},{"place":"Pine Flats, Indiana County, Pennsylvania, United States of America","count":2},{"place":"Perry County, Pennsylvania, USA","count":2},{"place":"Pennsylvania, United States of America","count":2},{"place":"Pennsylvania, Somerset, Pennsylvania, USA","count":2},{"place":"Pennsylvania, Somerset County, Pennsylvania","count":2},{"place":"Pennsylvania, Pennsylvania, USA","count":2},{"place":"Osceola Mills, Clearfield, Pennsylvania, USA","count":2},{"place":"Ontario","count":2},{"place":"Oberendingen, Aargau, Switzerland","count":2},{"place":"Nyirpiricse, Hungary","count":2},{"place":"Northumberland, Northumberland, Pennsylvania","count":2},{"place":"Northampton, Pennsylvania","count":2},{"place":"New Hanover, Montgomery, PA, USA","count":2},{"place":"New Castle, New Castle, Delaware, United States","count":2},{"place":"Nassau, Deggendorf, Bayern, Germany","count":2},{"place":"Nanty Glo, Cambria, Pennsylvania","count":2},{"place":"Moselem Springs,Richmond Township, BerksCo., Pa.","count":2},{"place":"Monroe, Monroe, Michigan, United States","count":2},{"place":"Mercersburg, Franklin, Pennsylvania, USA","count":2},{"place":"Melling, Lancashire, England","count":2},{"place":"Mason town pa.","count":2},{"place":"Martinsburg, Blair, Pennsylvania, USA","count":2},{"place":"Mannheim, Germany","count":2},{"place":"Lynn, Northampton, Pennsylvania, United States","count":2},{"place":"Lynchburg, Virginia, USA","count":2},{"place":"Lyme, New London, Connecticut, United States","count":2},{"place":"Lyme, New London Co., CT","count":2},{"place":"Lycoming,,Pennsylvania,USA","count":2},{"place":"Lycoming County, Pennsylvania, USA","count":2},{"place":"Lincoln County, Ontario, Canada","count":2},{"place":"Langford, Bedfordshire, England","count":2},{"place":"Langenselbold, Main-Kinzig-Kreis, Hessen, Germany","count":2},{"place":"Lake Linden, Houghton, Michigan, USA","count":2},{"place":"Kirkliston, West Lothian, Scotland","count":2},{"place":"Kentucky","count":2},{"place":"Karthaus, Clearfield, Pennsylvania, US","count":2},{"place":"Kam”yanets'-Podil's'kyy, Khmelnytsky, Ukraine","count":2},{"place":"Juniata County, Pennsylvania","count":2},{"place":"Juniata Co, Pa","count":2},{"place":"Jackson, Cambria, Pennsylvania, United States","count":2},{"place":"Jackson, Cambria County, Pennsylvania, USA","count":2},{"place":"Jackson, Butler, Pennsylvania, USA","count":2},{"place":"Jackson Twp Cambria County, Pennsylvania","count":2},{"place":"Jackson Township, Cambria County, Pennsylvania, USA","count":2},{"place":"Jackson Township, Cambria County, Pennsylvania","count":2},{"place":"Isle of Islay, Argyll, Scotland","count":2},{"place":"Huston Twp., Centre County, Pennsylvania","count":2},{"place":"Huntingdon County, Pennsylvania, USA","count":2},{"place":"Howell, Livingston, Michigan, USA","count":2},{"place":"Greenwich, Berks, Pennsylvania, United States","count":2},{"place":"Greenbriar, Virginia, United States","count":2},{"place":"Green Furnace, Pennsylvania","count":2},{"place":"Graham Twp, Clearfield, Pennsylvania, USA","count":2},{"place":"Gentilly, Nicolet, Quebec, Canada","count":2},{"place":"Garfield, Indiana County, Pennsylvania, USA","count":2},{"place":"Frederick, Montgomery, Pennsylvania, United States","count":2},{"place":"Frederick Twp., Montgomery Co., Pennsylvania","count":2},{"place":"Farran Abbey, Dorney, Kerry, Ireland","count":2},{"place":"Ennismore, Peterborough Co., Ontario, Canada","count":2},{"place":"Ennismore, Ontario","count":2},{"place":"Ennismore","count":2},{"place":"Elsworth, Cambridgeshire, England","count":2},{"place":"Ellenberg, Birkenfeld, Oldenburg, Alemanha","count":2},{"place":"Eggenstein, Karlsruhe, Baden-Wuerttemberg, Germany","count":2},{"place":"Ebensburg, Cambria County, Pennsylvania, United States of America","count":2},{"place":"Durlach, Stadt Karlsruhe, Baden-Wuerttemberg, Germany","count":2},{"place":"Douglas, Lanarkshire, Scotland","count":2},{"place":"Detroit, Wayne, Michigan, United States","count":2},{"place":"Colver, Cambria, Pennsylvania, USA","count":2},{"place":"Colver Cambr, Pennsylvania","count":2},{"place":"Cocalico, Lancaster, PA, USA","count":2},{"place":"Clinton Twp; Lincoln County, Upper Canada (Ontario)","count":2},{"place":"Chicago, Illinois, USA","count":2},{"place":"Champagne, Dordogne, Aquitaine, France","count":2},{"place":"Centre, Pennsylvania, USA","count":2},{"place":"Centre County, Pennsylvania, USA","count":2},{"place":"Carrolltown, Cambria, Pennsylvania, United States","count":2},{"place":"Cambria pa.","count":2},{"place":"Burst, East Flanders (Belgium)","count":2},{"place":"Buffington, Indiana, Pennsylvania, USA","count":2},{"place":"Brunshaupten, Kühlungsborn","count":2},{"place":"Bremen, Germany","count":2},{"place":"Blair County","count":2},{"place":"Blacklick Township, PA","count":2},{"place":"Birkenfeld, Oldenburg, Germany","count":2},{"place":"Birkenfeld, Koblenz, Rheinland-Pfalz, Germany","count":2},{"place":"Bern, Berks, Pennsylvania, United States","count":2},{"place":"Bern Twp,Berks Co,PA","count":2},{"place":"Berks County, Pennsylvania, USA","count":2},{"place":"Bell County, Kentucky, USA","count":2},{"place":"Belfast Twp, Bedford, Pennsylvania, USA","count":2},{"place":"Baden, Beaver, Pennsylvania, USA","count":2},{"place":"Ashwell, Hertfordshire, England","count":2},{"place":", Fluvanna, Virginia, USA","count":2},{"place":"(Favarotta) Terrasini, Palermo, Sicilia, Italy","count":2},{"place":"probably York County, Pennsylvania","count":1},{"place":"on Brownies Creek Calloway, Harlan, Kentucky, United States","count":1},{"place":"of Woodplumpton, Lancashire, England","count":1},{"place":"mercers, burg, Franklin Park, Allegheny, Pennsylvania, USA","count":1},{"place":"Zurich, Switzerland","count":1},{"place":"Youghal, Ireland","count":1},{"place":"Yorkshire, England","count":1},{"place":"Yorkshire Co., England","count":1},{"place":"York, York, Pennsylvania, United States","count":1},{"place":"York, Pennsylvania, USA","count":1},{"place":"York, Pennsylvania","count":1},{"place":"York, Adams, Pennsylvania, United States","count":1},{"place":"Wuerttenberg, Germany","count":1},{"place":"Woodbury, Huntingdon, Pennsylvania, USA","count":1},{"place":"Woodbury Township, Bedford County, Pennsylvania, United States of America","count":1},{"place":"Womelsdorf, Berks, Pennsylvania, USA","count":1},{"place":"Wolfskirchen, Nassau Saarwerden, Germany","count":1},{"place":"Wolfhagen","count":1},{"place":"Without Cripplegate, London, England","count":1},{"place":"Wishaw, Lanarkshire","count":1},{"place":"Winfield, Union, Pennsylvania, USA","count":1},{"place":"Windsor, Berks, Pennsylvania, United States","count":1},{"place":"Windsor, Berks, PA","count":1},{"place":"Wilmington, New Castle, Delaware","count":1},{"place":"Wherom, Indiana, Pennsylvania","count":1},{"place":"Wheatfield, Indiana cou PA","count":1},{"place":"Whales.","count":1},{"place":"Westmoreland, Pennsylvania, United States","count":1},{"place":"Westmoreland, Pennsylvania","count":1},{"place":"Westmoreland City, Westmoreland, Pennsylvania, USA","count":1},{"place":"Westmeath, Ireland","count":1},{"place":"West Wheatfield, Indiana, Pennsylvania, USA","count":1},{"place":"West Taylor Twp, Canbria County, Pennsylvania","count":1},{"place":"Welkplevana, Czechoslovika","count":1},{"place":"Weiler, Pforzheim, Baden, Germany","count":1},{"place":"Weiler, Pforzheim, Baden","count":1},{"place":"Wehrum, Indiana, Pennsylvania, USA","count":1},{"place":"Wehrum, Indiana County, Pennsylvania, USA","count":1},{"place":"Wehrum PA No3","count":1},{"place":"Watsontown, Northumberland, Pennsylvania","count":1},{"place":"Washington, Virginia","count":1},{"place":"Washington, VA, USA","count":1},{"place":"Washington, Russell, Virginia, United States","count":1},{"place":"Warwick, Lancaster, Pennsylvania, USA","count":1},{"place":"Warriors Mark,Huntingdon,Pennsylvania,USA","count":1},{"place":"Warriors Mark, Huntingdon, Pennsylvania, USA","count":1},{"place":"Warren","count":1},{"place":"Wallbout, Long Island, NY, USA","count":1},{"place":"Virginia, United States of America","count":1},{"place":"Vinco-Cambria County, Pennsylvania","count":1},{"place":"Vinco, Cambria County, Pennsylvania, USA","count":1},{"place":"Vinca Cambri, Pennsylvania","count":1},{"place":"Vieux-Québec, Capitale-Nationale Region, Quebec, Canada","count":1},{"place":"Victoria County, ON, Canada","count":1},{"place":"Vermont, USA or NY","count":1},{"place":"Verdilla, Snyder County, Pennsylvania, United States of America","count":1},{"place":"Vail, Blair County, Pennsylvania, USA","count":1},{"place":"United, Westmoreland, Pennsylvania, USA","count":1},{"place":"United States of America","count":1},{"place":"Union, Pennsylvania, USA","count":1},{"place":"Ulster, Ireland","count":1},{"place":"Ukransk, Mordovia, Russia","count":1},{"place":"Trois-Rivières, Quebec, Canada","count":1},{"place":"Trenton, Wayne, Michigan, USA","count":1},{"place":"Trentano, Italy","count":1},{"place":"Tourouvre, Departement de l'Orne, Basse-Normandie, France","count":1},{"place":"Tobermory, Argyleshire","count":1},{"place":"Tighnabane, Isle of Bute, Scotland, U.K.","count":1},{"place":"Tenasini, Italy","count":1},{"place":"Taneytown, Frederick (now Carroll), Md., Brit. Colonies","count":1},{"place":"Sées, Orne, Normandie, France","count":1},{"place":"Sweden","count":1},{"place":"Sutton, Cambridgeshire, England","count":1},{"place":"Susquehanna Twp, Cambria Co, Pennsylvania, USA","count":1},{"place":"Sunbury, Northumberland, Pennsylvania","count":1},{"place":"Sunbury, Northumberland County, Pennsylvania","count":1},{"place":"Summit, Illinois","count":1},{"place":"Stöffel, Pfaffenhofen an der Ilm, Bayern, Germany","count":1},{"place":"Strongstown Indiana County Pennnsylvania","count":1},{"place":"Stratford, Fairfield, Colony of Connecticut, British Colonial America","count":1},{"place":"Strasburg,Lancaster,Pennsylvania,USA","count":1},{"place":"Straight Creek, Bell, Kentucky, United States","count":1},{"place":"Stradone, Cavan, Ireland","count":1},{"place":"Stillwater, Columbia, Pennsylvania, USA","count":1},{"place":"Ste-Anne-de-Beaupre, Montmorency, Quebec, Canada","count":1},{"place":"Staufenberg, Hessen, Germany","count":1},{"place":"Starford, Pennsylvania Indiana County","count":1},{"place":"Stadtn unter, , Heuchelbreg, Germany","count":1},{"place":"Stadtn unter Heuchelberg, Germany","count":1},{"place":"St. Mary's Settlement, Maryland, USA","count":1},{"place":"St. Louis City, St. Louis, Missouri","count":1},{"place":"St. John, Burslem, Staffordshire, England","count":1},{"place":"St. John's, Burslem, Stafford, England","count":1},{"place":"St-Thomas-De-Tougues, Lisieux, Normandie, France","count":1},{"place":"St-Pierre, Kent, Ontario","count":1},{"place":"St-Pierre de la rive sud, Qc.","count":1},{"place":"St Thomas Parish, Quebec, Canada","count":1},{"place":"St Rock, Quebec, Canada","count":1},{"place":"St James, Suffolk, England","count":1},{"place":"St James, Horningheath, Suffolk, Engand","count":1},{"place":"St Henie, Quebec, Canada","count":1},{"place":"St Giles without Cripplegate, London, England","count":1},{"place":"St Clair, Bedford, Pennsylvania, United States","count":1},{"place":"St Antoine, River Raisin, Monroe, Michigan, USA","count":1},{"place":"St Antoine River Raisin, Monroe, Michigan, USA","count":1},{"place":"Spruce Creek, Huntingdon, Pennsylvania, USA","count":1},{"place":"Springwells, Michigan","count":1},{"place":"Sprendlingen, Mainz-Bingen, Rhineland-Palatinate, Germany","count":1},{"place":"Southwark, Christ Church, England","count":1},{"place":"Southfield, Oakland, Michigan, USA","count":1},{"place":"Somerset, Pennsylvania Colony","count":1},{"place":"Somerset County, Pennsylvania","count":1},{"place":"Solon, Cuyahoga County, Ohio, USA","count":1},{"place":"Sobranj, Czech","count":1},{"place":"Sipes Mill, Fulton, Pennsylvania, United States","count":1},{"place":"Silvert, St London, London, England","count":1},{"place":"Shrewsbury, York, Pennsylvania, USA","count":1},{"place":"Shingletown College Twp Entre County, Pennsylvania","count":1},{"place":"Scotland","count":1},{"place":"Schwarzenegg, Oberlangenegg, Bern, Switz.,","count":1},{"place":"Schuylkill, Chester, Pennsylvania, United States","count":1},{"place":"Schauernheim, Ludwigshafen, Rheinland-Pfalz, Germany","count":1},{"place":"Sarrewerden, Bas Rhin, Alsace, France","count":1},{"place":"Sankt Clemens, Telgte Stadt, Westfalen, Germany","count":1},{"place":"Sand Beach, Huron, Michigan, United States","count":1},{"place":"Sand Beach, Huron, Michigan, USA","count":1},{"place":"Sand Beach, Huron County, Michigan, United States of America","count":1},{"place":"Salsbury, St Martin, Wiltshire, England","count":1},{"place":"Salem, MA","count":1},{"place":"Salem, Essex, MA","count":1},{"place":"Salem, Essex County, Massachusetts, USA","count":1},{"place":"Saint-Martin-du-Vieux-Belleme, Departement de l'Orne, Basse-Normandie, France","count":1},{"place":"Saint-Jean-Port-Joli,L'Islet,Québec,Canada","count":1},{"place":"Saginaw County, Michigan, USA","count":1},{"place":"Saarbrücken, Saarbrucken, Saarland, Germany","count":1},{"place":"S Farh Cambr, Pennsylvania","count":1},{"place":"Ruchheim, Ludwigshafen Am Rhein, Rhineland-Palatinate, Germany","count":1},{"place":"Royal Oak","count":1},{"place":"Roxborough, Philadelphia, Pennsylvania, United States","count":1},{"place":"Roxborough, Philadelphia County, Pennsylvania, United States of America","count":1},{"place":"Rouen, Departement de la Seine-Maritime, Haute-Normandie, France","count":1},{"place":"Rothesay, Isle of Bute, Scotland","count":1},{"place":"Rothenbach, Bern, Switzerland","count":1},{"place":"Rose City, Ogemaw, Michigan, USA","count":1},{"place":"Rockwood, Wayne, Michigan, USA","count":1},{"place":"Rockford County, Illinois, USA","count":1},{"place":"Robinson, Indiana, Pennsylvania","count":1},{"place":"Robinson, Indiana County, Pennsylvania, USA","count":1},{"place":"Riviere Ouelle, Kamouraska, Quebec, Canada","count":1},{"place":"River Rouge, Michigan","count":1},{"place":"River Rogue, Michigan, USA","count":1},{"place":"River Raisin, Monroe, Michigan, USA","count":1},{"place":"Rinzenberg, Birkenfeld, Rheinland-Pfalz, Deutschland","count":1},{"place":"Rimsdorf, Bas Rhin, Alsace, France","count":1},{"place":"Richmond Twp, Berks, Pa, USA","count":1},{"place":"Richland Bucks County, Pennsylvania, USA","count":1},{"place":"Rheinland-Pfalz, Germany","count":1},{"place":"Rheinfeld, Rheinland-Pfalz, Germany","count":1},{"place":"Red Hill, Montgomery, Pennsylvania, USA","count":1},{"place":"Quiers, Departement de Seine-et-Marne, Île-de-France, France","count":1},{"place":"Queen Anne, Prince George's, Maryland, United States","count":1},{"place":"Queen Anne, Prince George's, Maryland","count":1},{"place":"Puckett's Creek, Harlan County, Kentucky, USA","count":1},{"place":"Prenzlau, Preußen, Brandenburg, Germany","count":1},{"place":"Portsmouth, Rockingham, New Hampshire, United States","count":1},{"place":"Porter, Clinton, Pennsylvania, United States","count":1},{"place":"Port Huron, Michigan","count":1},{"place":"Piscataway, Middlesex, New Jersey, United States","count":1},{"place":"Piscataway, Middlesex, New Jersey, USA","count":1},{"place":"Piperhall, Nortyh Bute, Scotland, U.K.","count":1},{"place":"Pineville, Bell County, Kentucky, USA","count":1},{"place":"Pineville, Bell Co, Kentucky, USA","count":1},{"place":"Pilghausen, Solingen, North Rhine-Westphalia, Germany","count":1},{"place":"Philisburg, Centre, Pennsylvania, USA","count":1},{"place":"Philipsburg, Pennsylvania","count":1},{"place":"Philipsburg, Centre, Pennsylvania, USA","count":1},{"place":"Philadelphia, Philadelphia, Pennsylvania, United States","count":1},{"place":"Philadelphia, Philadelphia, Pennsylvania, USA","count":1},{"place":"Philadelphia, Philadelphia, Colony of Pennsylvania, British Colonial America","count":1},{"place":"Philadelphia, Delaware, Pennsylvania","count":1},{"place":"Philadelphia County, Pennsylvania, USA","count":1},{"place":"Peterborough, , Ontario, Canada","count":1},{"place":"Peterborough,  Ontario,  Canada","count":1},{"place":"Peterborough Ontario Canada","count":1},{"place":"Pennsylania","count":1},{"place":"Penns Valley, Centre, Pennsylvania, United States","count":1},{"place":"Penns Valley, Centre or Buffalo Valley Union Co PA","count":1},{"place":"Patton, Centre, Pennsylvania, USA","count":1},{"place":"Patton, Cambria, Pennsylvania, USA","count":1},{"place":"Path Valley, Cumberland, Pennsylvania, United States","count":1},{"place":"Palestine,Pennsylvania","count":1},{"place":"Palestine, Centre County, Pennsylvania","count":1},{"place":"Palatinate,prussia Germany","count":1},{"place":"Paisley, Renfrewshire, Scotland","count":1},{"place":"Padua,Italy","count":1},{"place":"Padua, Italy","count":1},{"place":"Pa., USA","count":1},{"place":"Pa.","count":1},{"place":"PA.","count":1},{"place":"PA,USA","count":1},{"place":"PA ??","count":1},{"place":"Oshawa, Durham, Ontario, Canada","count":1},{"place":"Offenbach-Hundheim, Kusel, Rheinland-Pfalz, Germany","count":1},{"place":"Of Buhlenberg, Birkenfeld, Oldenburg, Germany","count":1},{"place":"Oberrossbach, Hessen-Nassau, Prussia","count":1},{"place":"Oberfangenegg, Switzerland","count":1},{"place":"Oak Hill, Pennsylvania, USA","count":1},{"place":"Nottinghamshire, England","count":1},{"place":"Notre-Dame-de-Bonsecours-de-L'Islet, L'Islet, Québec, Canada","count":1},{"place":"Norwich, New London, Connecticut, USA","count":1},{"place":"Norway","count":1},{"place":"Norton, Northamptonshire, England","count":1},{"place":"Northumberland County, Pennsylvania, United States of America","count":1},{"place":"Northumberland County, Pennsylvania","count":1},{"place":"Northern Ireland","count":1},{"place":"Northampton, Pennsylvania, USA","count":1},{"place":"Northampton, Hampshire County, Massachusetts, United States of America","count":1},{"place":"North Lyme, New London County, Connecticut","count":1},{"place":"North Carolina, United States","count":1},{"place":"Norfolk, Norfolk, England","count":1},{"place":"Nieuwerkerken","count":1},{"place":"Newville, Cumberland County, Pennsylvania, United States of America","count":1},{"place":"Newcastle, New Castle, Delaware, United States","count":1},{"place":"Newarthill","count":1},{"place":"New York, USA","count":1},{"place":"New Kent, New Kent, Virginia, USA","count":1},{"place":"New Jersey, United States","count":1},{"place":"New Jersey, Monmouth, New Jersey, United States","count":1},{"place":"New Hanover, Montgomery, Pennsylvania, United States","count":1},{"place":"New Hanover, Montgomery County, Pennsylvania, United States of America","count":1},{"place":"New Brunswick, Middlesex, New Jersey, United States","count":1},{"place":"New Amsterdam.NYC","count":1},{"place":"New Albany, Floyd, Indiana, USA","count":1},{"place":"Nettleton, Cambria, Pennsylvania","count":1},{"place":"Nebraska, USA","count":1},{"place":"Nassau-Saarwerde,Germany","count":1},{"place":"Nanty Glo CA, Pennsylvania","count":1},{"place":"Munster, Bedford, Pennsylvania, United States","count":1},{"place":"Mundys Corner, Cambria, Pennsylvania, USA","count":1},{"place":"Mount Solon, Augusta County, Virginia, USA","count":1},{"place":"Moselem Springs, Berks, Pennsylvania, United States","count":1},{"place":"Moselem Spgs, Berks, Pennsylvania, United States","count":1},{"place":"Morrison's Cove, Bedford, Pennsylvania, USA","count":1},{"place":"Morrison Cove, Bedford, Pennsylvania, United States","count":1},{"place":"Moreland, Lycoming, Pennsylvania, United States","count":1},{"place":"Montreal, Montreal Region, Quebec, Canada","count":1},{"place":"Montmorency, French Colony of New France (Quebec)","count":1},{"place":"Montmagny, Quebec, Canada","count":1},{"place":"Montmagny, French Colony of New France, Quebec, Canada","count":1},{"place":"Montmagny, 1654528, Quebec, Canada","count":1},{"place":"Montmagny (St-Thomas), Québec, Canada","count":1},{"place":"Monmouth, New Jersey, USA","count":1},{"place":"Mittersheim, Moselle, Lorraine, France","count":1},{"place":"Mineral Point, Pennsylvania","count":1},{"place":"Mineral Point, Cambria, Pennsylvania, USA","count":1},{"place":"Milton, Pennsylvania, USA","count":1},{"place":"Mill Creek, New Castle, Delaware, United States","count":1},{"place":"Milford, Bucks, Pennsylvania","count":1},{"place":"Michigan, United States","count":1},{"place":"Methuen, Essex Co., Massachusetts","count":1},{"place":"Mercer County, Pennsylvania","count":1},{"place":"McConnellsburg, Bedford, Pennsylvania, United States","count":1},{"place":"McConnellsburg, Bedford, Pennsylvania, USA","count":1},{"place":"Maryland","count":1},{"place":"Marshalltown, Marshall, Iowa, USA","count":1},{"place":"Manchester Township, Pennsylvania, United States","count":1},{"place":"Mammoth, , New Jersey, USA","count":1},{"place":"Lynn, Northampton, Pennsylvania, USA","count":1},{"place":"Lyme, New London, Connecticut, USA","count":1},{"place":"Lyme, New London, Connecticut","count":1},{"place":"Lyme, New London, CT","count":1},{"place":"Lyme, New London County, Connecticut, USA","count":1},{"place":"Lyme, Connecticut, USA","count":1},{"place":"Lycoming, Pennsylvania, USA","count":1},{"place":"Lycoming, Lycoming, Pennsylvania, United States,","count":1},{"place":"Lycoming, Lycoming, Pennsylvania, United States","count":1},{"place":"Luttern, Minden-Lubbecke, Nordrhein-Westfalen, Germany","count":1},{"place":"Lower Mahanoy, NorthumberlandPennsylvania, United States","count":1},{"place":"Loretto, Cambria, Pennsylvania, United States","count":1},{"place":"Loretto, Cambria, Pennsylvania, USA","count":1},{"place":"Long Island, Queens County, New York","count":1},{"place":"London, Middlesex, , England","count":1},{"place":"London, London, , England","count":1},{"place":"London, Laurel, Kentucky, United States","count":1},{"place":"Little Saxham, Horringer, Suffolk, England","count":1},{"place":"Little Mahanoy, Northumberland, Pennsylvania, United States","count":1},{"place":"Little Egg Harbor, Ocean, New Jersey, USA","count":1},{"place":"Little Egg Harbor, Ocean County, New Jersey, USA","count":1},{"place":"Lisieux, Calvados, Normandie, France","count":1},{"place":"Lindsey, Suffolk and Greens Norton, Northhamptonshire, England","count":1},{"place":"Lincoln Pk W, Michigan","count":1},{"place":"Lincoln Park, Wayne, Michigan, USA","count":1},{"place":"Lincoln Park, Michigan","count":1},{"place":"Limbourg, Liege, Belgium","count":1},{"place":"Lilly, Cambria, Pennsylvania, USA","count":1},{"place":"Likely Oberlangenegg, Bern, Switz.","count":1},{"place":"Lieu Indertermine (au Quebec) Quebec","count":1},{"place":"Licking Creek, Fulton, Pennsylvania, United States","count":1},{"place":"Licking Creek, Fulton, Pennsylvania, USA","count":1},{"place":"Licking Creek Twp, Bedford, Pennsylvania, United States","count":1},{"place":"Leighlin, Carlow, Ireland","count":1},{"place":"Ledbury, Herefordshire, England","count":1},{"place":"Lebanon, Lancaster, Pennsylvania","count":1},{"place":"Lebanon County, Pennsylvania, USA","count":1},{"place":"Leacock, Lancaster, Pennsylvania, USA","count":1},{"place":"Leacock, Lancaster, PA","count":1},{"place":"Langenselbold, Stadt, Hessen, Duitsland","count":1},{"place":"Langenselbold, Germany","count":1},{"place":"Langenselbold","count":1},{"place":"Lancaster, Lancaster, Pennsylvania, USA","count":1},{"place":"Lancaster County, Pennsylvania","count":1},{"place":"Lancaster  County,  Pennsylvania, USA...","count":1},{"place":"La Salle, Monroe, Michigan, USA","count":1},{"place":"La Rochelle, Manche, Basse-Normandie, France","count":1},{"place":"L'Islet, L'Islet, Chaudière-Appalaches, Québec, Canada","count":1},{"place":"Krenznach, Germany","count":1},{"place":"Knonau, Zurich, Switzerland,","count":1},{"place":"Kirkliston, West Lothian, , Scotland","count":1},{"place":"King and Queen, Virginia, United States","count":1},{"place":"Kilsyth, Stirling, Scotland","count":1},{"place":"Kilmachalmaig, St. Colmac, Bute, Scotland","count":1},{"place":"Killathy Townlands, Ballyhooly, Cork, Ireland","count":1},{"place":"Kilgory Clare, Scotland, Ireland","count":1},{"place":"Kerry, Ireland","count":1},{"place":"Kentucky, USA","count":1},{"place":"Karthaus, Clearfield County, Pennsylvania, United States of America","count":1},{"place":"Julian, Pennsylvania, USA","count":1},{"place":"Julian, Pennsylvania","count":1},{"place":"Julian, Penna","count":1},{"place":"Julian, Huston Twp., Centre County, Pennsylvania, USA","count":1},{"place":"Julian Huston Twp County Pe.","count":1},{"place":"Johnstown, PA","count":1},{"place":"Johnstown, Cambria, Pennsylvania","count":1},{"place":"Johnstown, Cambria County, Pennsylvania, USA","count":1},{"place":"Johnstown","count":1},{"place":"Jackson, Johnstown, Cambria, Pennsylvania, USA","count":1},{"place":"Jackson, Butler, Pennsylvania, United States","count":1},{"place":"Jackson Twsp, Cambria County, Pennsylvania, USA","count":1},{"place":"Jackson Twsp","count":1},{"place":"Isle of Wight, VIrginia, USA","count":1},{"place":"Ironsville, Blair County, Pennsylvania, USA","count":1},{"place":"Ireland, (possibly County Clare)","count":1},{"place":"Irabeg, Lixnau, Kerry, Ireland","count":1},{"place":"Ipswich, Suffolk, England","count":1},{"place":"Innerkip, Renfrew","count":1},{"place":"Indiana, Pennsylvania, United States","count":1},{"place":"Indiana, PA, USA","count":1},{"place":"Indiana, Indiana County, United States of America","count":1},{"place":"Indiana County, Pennsylvania, United States of America","count":1},{"place":"Indiana County, PA","count":1},{"place":"Indiana Co, Pennsylvania, USA","count":1},{"place":"Immelhauserhof, Baden-Wuerttemberg, Germany","count":1},{"place":"Ige, Departement de l'Orne, Basse-Normandie, France","count":1},{"place":"Huston, Centre County, Pennsylvania, USA","count":1},{"place":"Huntington, York, Pennsylvania, USA","count":1},{"place":"Hundheim, Amberg-Sulzbach, Bayern, Germany,","count":1},{"place":"Humanjava, Hungary","count":1},{"place":"Horningheath, Suffolk, England","count":1},{"place":"Hollidaysburg, Blair Co., PA","count":1},{"place":"Holland, Gutersloh, Nordrhein-Westfalen, Germany","count":1},{"place":"Hinterwil, Kt, Aargau, Switzerland","count":1},{"place":"Hilbesheim, Moselle, Lorraine, France","count":1},{"place":"Hessen, Germany","count":1},{"place":"Hendersonville, Henderson Co., North Carolina, USA","count":1},{"place":"Hendersonville, Henderson Co. NC","count":1},{"place":"Henderson County, North Carolina, USA","count":1},{"place":"Hempfield, Lancaster Co, Pennsylvania, British Colonial America","count":1},{"place":"Hempfield Township, Westmoreland, Pennsylvania, USA","count":1},{"place":"Heilbronn, Heilbronner Stadtkreis, Baden-Württemberg, Germany","count":1},{"place":"Hawkins County, Tennessee, United States of America","count":1},{"place":"Hawkins County, Tennessee","count":1},{"place":"Hawk Run, Clearfield, Pennsylvania, USA","count":1},{"place":"Hastings, Cambria, Pennsylvania, United States","count":1},{"place":"Haslingfield, Cambridgeshire, , England","count":1},{"place":"Harvey Twp, Peterborough, Ontario, Canada","count":1},{"place":"Hartleton, Union, Pennsylvania, USA","count":1},{"place":"Hartford, Hartford, Connecticut, United States","count":1},{"place":"Harrisonville, Fulton, Pennsylvania","count":1},{"place":"Harlan County, Kentucky, United States of America","count":1},{"place":"Hardwick, Sussex, New Jersey, United States","count":1},{"place":"Hannover, Niedersachsen, Heiliges Römisches Reich Deutscher Nation","count":1},{"place":"Hances Ridge, Harlan, Kentucky, USA","count":1},{"place":"Hamilton, Northampton, Pennsylvania, USA","count":1},{"place":"Hambach, Duren, Nordrhein-Westfalen, Germany","count":1},{"place":"Haaltert, Houghton Belgium","count":1},{"place":"Haaltert, Haaltert, East Flanders, Belgium","count":1},{"place":"Haaltert, East Flanders, Belgium","count":1},{"place":"Haaltert, Belgium","count":1},{"place":"Gundetswil, Zurich, Switzerland","count":1},{"place":"Guernsey Island, Ireland,","count":1},{"place":"Guardiarale Italy","count":1},{"place":"Grosse Pointe, Wayne Mi","count":1},{"place":"Greenwood, Mifflin, Pennsylvania, USA","count":1},{"place":"Greenwood, Mifflin, PA","count":1},{"place":"Greenfield, Bedford, Pennsylvania, United States","count":1},{"place":"Greenbriar Co, Virginia, United States","count":1},{"place":"Green, Indiana, Pennsylvania, USA","count":1},{"place":"Graybill Valley,Lancaster Co.Pa","count":1},{"place":"Grand Marsh, Adams County, Wisconsin, USA","count":1},{"place":"Goosnarch, Lancashire, England","count":1},{"place":"Gloucester, Gloucester, Virginia, United States","count":1},{"place":"Gloucester County, New Jersey, United States of America","count":1},{"place":"Gladwin, Gladwin County, Michigan, United States of America","count":1},{"place":"Giggleswik, York, Yorkshire, England","count":1},{"place":"Giggleswick, Yorkshire, England","count":1},{"place":"Geradstetten, Rems-Murr-Kreis, Baden-Württemberg, Germany","count":1},{"place":"Geradstetten, Baden, Rheinland-Pfalz, Germany","count":1},{"place":"Gehabornhof, Hesse-Darmstadt, Germany","count":1},{"place":"Fulton County, Pennsylvania","count":1},{"place":"Freeburg, Snyder County, Pennsylvania","count":1},{"place":"Frederick, Frederick, Maryland, United States","count":1},{"place":"Frederick Co., Maryland","count":1},{"place":"Frankenthal, Pfalz, Bavern, Germany","count":1},{"place":"Framershire, Rheinland-Pfalz, Germany","count":1},{"place":"Framersheim, Pfalz, Germany","count":1},{"place":"Framersheim, Alzey-Worms, Rheinland-Pfalz, Germany","count":1},{"place":"Fordson, Wayne, Michigan, United States","count":1},{"place":"Flintshire, , Wales","count":1},{"place":"Flatlands, Kings County, New York, USA","count":1},{"place":"Flatlands, Kings County, New York","count":1},{"place":"Finchingbrook, Herefordshire, England","count":1},{"place":"Fife, Scotland","count":1},{"place":"Ferndale, Michigan, USA","count":1},{"place":"Farran, Abbeydorney, Kerry, Ireland","count":1},{"place":"Fahivane Kilflynn, County Kerry, Ireland","count":1},{"place":"Fahavane, Kilflynn Parish, County Kerry, Ireland","count":1},{"place":"Evangelisch,Homberg,Oberhessen,Hesse-Darmstadt","count":1},{"place":"Eunismore, Ontario","count":1},{"place":"Ermismore","count":1},{"place":"Erie, Monroe, Michigan, United States","count":1},{"place":"Erie, Monroe County, Michigan, USA","count":1},{"place":"Ennismore, Peterborough West, Ontario, Canada,","count":1},{"place":"Ennismore, Ontario, Canada","count":1},{"place":"Ennismore, Ontario Canada","count":1},{"place":"Ennismore, , Ontario, Canada","count":1},{"place":"Ennismore Township, Ontario","count":1},{"place":"Emily, Ontario, Canada","count":1},{"place":"Emily Victoria County, Canada","count":1},{"place":"Emily Township, Victoria, Ontario, Canada","count":1},{"place":"Einschied, Oldenberg, Germany","count":1},{"place":"Eggerode, Borken, Nordrhein-Westfalen, Germany","count":1},{"place":"Eggerode, Ahaus, Borken, Nordrhein-Westfalen, Germany","count":1},{"place":"Eggenstein Karlsruher Stadtkreis, Baden-Württemberg, Germany","count":1},{"place":"Ecorse, Wayne, Michigan","count":1},{"place":"Ebensburg, Cambria, Pennsylvania, USA","count":1},{"place":"Ebensburg, Cambria County, Pennsylvania, USA","count":1},{"place":"Eaton Socon, Bedfordshire, England","count":1},{"place":"East, Berks, Pennsylvania, United States","count":1},{"place":"Earl, Lancaster, Pennsylvania, USA","count":1},{"place":"Dutch Corner, Bedford, Pennsylvania, United States","count":1},{"place":"Dutch Corner, Bedford, Pennsylvania","count":1},{"place":"Dundonald, Ayrshire, Scotland","count":1},{"place":"Dugannon, Tyrone, Northern Ireland","count":1},{"place":"Dublin, Ireland","count":1},{"place":"Dollendorf, Rheinland-Pfalz, Germany","count":1},{"place":"Dinwiddie, Dinwiddie, Virginia, USA","count":1},{"place":"Detroit, Wayne, Michigan, USA,","count":1},{"place":"Detroit, Wayne County, Michigan","count":1},{"place":"Detroit, Wayne Co., Michigan","count":1},{"place":"Detroit, Michigan, USA","count":1},{"place":"Detroit, Michigan","count":1},{"place":"Detroit, MI","count":1},{"place":"Detroit Wayne, Michigan, USA","count":1},{"place":"Derby, Derbyshire, England","count":1},{"place":"Del, Pennsylvania, United States","count":1},{"place":"Dauphin, Dauphin, Pennsylvania, USA","count":1},{"place":"Darbach, Birkenfeld, Oldenburg, Germany","count":1},{"place":"Danvers, Essex, Massachusetts, United States","count":1},{"place":"Dambach, Birkenfeld, Rheinland-Pfalz, Germany","count":1},{"place":"Dambach","count":1},{"place":"Cumberland County, Pennsylvania, United States of America","count":1},{"place":"Cresson, Cambria, Pennsylvania, USA","count":1},{"place":"Craven, North Carolina, United States","count":1},{"place":"Coventry, Warwickshire, England","count":1},{"place":"County cork","count":1},{"place":"County Kerry, Ireland","count":1},{"place":"County Donegal, Ireland","count":1},{"place":"Cork, Cork, , Ireland","count":1},{"place":"Connecticut, USA","count":1},{"place":"Connecticut","count":1},{"place":"Conemaugh, Cambria Co, Pennsylvania, USA","count":1},{"place":"Conemaugh Twp, Cambria, Pennsylvania, USA","count":1},{"place":"Colver, Pennsylvania","count":1},{"place":"Colver, Cambria County, Pennsylvania, USA","count":1},{"place":"Colver","count":1},{"place":"Coatbridge, Lanarkshire","count":1},{"place":"Clogherbrien, Tralee, Kerry, Ireland","count":1},{"place":"Clinton, Lincoln, Ontario, Canada","count":1},{"place":"Clinton Twp, Lincoln County, Canada West (Ontario)","count":1},{"place":"Clinton","count":1},{"place":"Clinch River, Dinwiddie, Virginia, United States","count":1},{"place":"Cleveland, Ohio, USA","count":1},{"place":"Clauberg, Baden-Wuerttemberg, Germany","count":1},{"place":"Château-Richer, Montmorency, Quebec, Canada","count":1},{"place":"Château Richer, Montmorency, Québec, Canada","count":1},{"place":"Christian Hundred, New Castle, Delaware, USA","count":1},{"place":"Chillisquaque Twp, Northumberland Co, Pennsylvania, USA","count":1},{"place":"Chicago, Cook, Illinois, USA","count":1},{"place":"Chicago, Cook Co., Illinois","count":1},{"place":"Chestnuthill, Northampton, Pennsylvania, United States","count":1},{"place":"Chestnuthill Township, Northampton County, Pennsylvania, USA","count":1},{"place":"Chestnut Hill, Northampton Co., Pensylvania, Pennsylvania, USA","count":1},{"place":"Chester, Chester, Pennsylvania, USA","count":1},{"place":"Chester, Chester Co, Pennsylvania, United States","count":1},{"place":"Checoslovac","count":1},{"place":"Chateau-Richer, Capitale-Nationale Region, Quebec, Canada","count":1},{"place":"Chapman, Snyder County, Pennsylvania, USA","count":1},{"place":"Centre, Pennsylvania, United States","count":1},{"place":"Centre County, Pennsylvania, United States of America","count":1},{"place":"Centerville Iowa","count":1},{"place":"Celovc, Czechoslovakia","count":1},{"place":"Cattarauka, Pennsylvania","count":1},{"place":"Carson City, Montcalm County, Michigan, USA","count":1},{"place":"Carrolltown, Cambria, Pennsylvania, USA","count":1},{"place":"Carroll, Cambria, Pennsylvania, USA","count":1},{"place":"Carroll Twp, Cambria, Pennsylvania, USA","count":1},{"place":"Carlisle, Cumberland, Pennsylvania, United States","count":1},{"place":"Cap-Saint-Ignace, Montmagny, Quebec, Canada","count":1},{"place":"Cap Saint Ignace, Montmagny, Quebec, Canada","count":1},{"place":"Canton Bern, Switzerland","count":1},{"place":"Cambridgeshire, England","count":1},{"place":"Cambria, County","count":1},{"place":"Cambria Pennsylvania, United States","count":1},{"place":"Cambria County, Pennsylvania, United States","count":1},{"place":"Cambria Co., Pennsylvania","count":1},{"place":"Cambria City, Cambria Co., PA","count":1},{"place":"Cacalico, Lancaster, Pennsylvania, United States","count":1},{"place":"Butler, Pennsylvania, United States","count":1},{"place":"Bute , Scotland","count":1},{"place":"Burzyn, Tarnov, Krakowskiego, Poland","count":1},{"place":"Burton Station, Ohio","count":1},{"place":"Burst","count":1},{"place":"Burslem, Stoke-on-Trent Unitary Authority, Staffordshire, England","count":1},{"place":"Burslem, Staffordshire, England","count":1},{"place":"Burlington, Atlantic, New Jersey, United States","count":1},{"place":"Bundesrepublik Deutschland, Getmany","count":1},{"place":"Buncombe, North Carolina, United States","count":1},{"place":"Bukovina, Okres Blansko, Jihomoravský (South Moravia), Czech Republic","count":1},{"place":"Bukavynka","count":1},{"place":"Buhlenburg, Birkenfeld, Rheinland-Pfalz, Germany","count":1},{"place":"Buhlenberg, Birkenfeld, Rheinland, Germany","count":1},{"place":"Buhlenberg, Birkenfeld, Oldensberg, Germany","count":1},{"place":"Buffington Township, Indiana County, Pennsylvania, USA","count":1},{"place":"Buffalo Township, Perry, Pennsylvania, USA","count":1},{"place":"Buck, Luzerne, Pennsylvania, USA","count":1},{"place":"Brush Valley, Brush Valley Twp., Indiana Co., PA","count":1},{"place":"Brunshaupten, Bad Doberan, Mecklenburg-Vorpommern, Germany","count":1},{"place":"Brownies Creek, Knox, Kentucky, United States","count":1},{"place":"Brandiston, Suffolk, England","count":1},{"place":"Bradley Junction, Cambria Co., PA","count":1},{"place":"Boston, Suffolk, Massachusetts, USA","count":1},{"place":"Boonesborough, Maryland Colony","count":1},{"place":"Bonfeld, Heilbronn, Baden-Wuerttemberg, Germany","count":1},{"place":"Boggs, Centre, Pennsylvania, USA","count":1},{"place":"Boggs Township, Clearfield County, Pennsylvania, USA","count":1},{"place":"Blair Co, PA, USA","count":1},{"place":"Blacklick, Cambria, Pennsylvania, United States","count":1},{"place":"Blacklick Township, Cambria County, Pennsylvania","count":1},{"place":"Birkenfeld, Landkreis, Rheinland-Pfalz, Germany","count":1},{"place":"Beverdale, Pennsylvania, USA","count":1},{"place":"Bethel, Bedford, Pennsylvania, USA","count":1},{"place":"Berwick on Tweed, Northumberland, England","count":1},{"place":"Bern Twp., Berks Co., PA","count":1},{"place":"Berlin Towns, Michigan","count":1},{"place":"Berks, Pennsylvania, USA","count":1},{"place":"Berks, Pa., U.S.A.","count":1},{"place":"Berks Cty, PA","count":1},{"place":"Berks County, pennslyvania","count":1},{"place":"Berks Co, PA","count":1},{"place":"Belsano, Cambria county","count":1},{"place":"Belsano, Cambria County, Pennsylvania","count":1},{"place":"Bell County, Kentucky, United States of America","count":1},{"place":"Bell County, Kentucky","count":1},{"place":"Belfast, Bedford, Pennsylvania, United States","count":1},{"place":"Belfast Twp, Sipes Mill, Fulton, Pennsylvania, USA","count":1},{"place":"Bedminister Twp, Bucks, Pennsylvania, United States","count":1},{"place":"Beaver Creek, Washington County, Maryland, United States of America","count":1},{"place":"Beaupré, , Quebec, Canada","count":1},{"place":"Beaupre, Capitale-Nationale Region, Quebec, Canada","count":1},{"place":"Bayern, Germany","count":1},{"place":"Barren, Kentucky","count":1},{"place":"Barnesboro, Cambria County, Pennsylvania, United States of America","count":1},{"place":"Barnesboro, Cambria Co., PA","count":1},{"place":"Baltimore, Maryland, USA","count":1},{"place":"Ballymurphy, County Carlow, Ireland","count":1},{"place":"Ballagkeen,Wexford, Ireland","count":1},{"place":"Bald Eagle, Clinton, Pennsylvania, USA","count":1},{"place":"Bald Eagle, Centre, Pennsylvania, USA","count":1},{"place":"Baden-Wuerttemberg, Germany","count":1},{"place":"Baden-Baden, Baden-Württemberg, Germany","count":1},{"place":"Austria, Hungary","count":1},{"place":"Austria","count":1},{"place":"Augusta, Northumberland County, Pennsylvania, USA","count":1},{"place":"Augusta, Botetourt, Virginia, United States","count":1},{"place":"Augusta County, Virginia, United States of America","count":1},{"place":"Augusta County, Virginia, USA","count":1},{"place":"Aughrim, Galway, Ireland","count":1},{"place":"Ashwell, Hertfordshire, , England","count":1},{"place":"Armaugh, Indiana, Pennsylvania, USA","count":1},{"place":"Armagh, Indiana County, Pennsylvania, USA","count":1},{"place":"Ann Arbor, Washtenaw, Michigan, USA","count":1},{"place":"Amsbry, Cambria County, Pennsylvania, USA","count":1},{"place":"American, Allen, Ohio, United States","count":1},{"place":"Altheim, Landkreis Biberach, Baden-Württemberg, Germany","count":1},{"place":"Altheim, Biberacher Landkreis, Baden-Württemberg, Germany","count":1},{"place":"Alsace, Alsace, Fra,-, Fra","count":1},{"place":"Allen Park, Wayne, Michigan, USA","count":1},{"place":"Allegheny County, Pennsylvania, USA","count":1},{"place":"Akron, Summit, Ohio, USA","count":1},{"place":"Achen, Moselle, Lorraine, France","count":1},{"place":"Abington, Philadelphia, Pennsylvania, USA","count":1},{"place":"Aaigem, East Flanders, Belgium","count":1},{"place":"Aaigem","count":1},{"place":",Lotbinière,Québec,Canada","count":1},{"place":",,, Ireland","count":1},{"place":",,, England","count":1},{"place":", Lincoln Park, Wayne, Michigan, USA","count":1},{"place":", Indiana, PA","count":1},{"place":", Germany","count":1},{"place":", Detroit, Wayne, Michigan, USA","count":1},{"place":", Czechoslovakia","count":1},{"place":", , Wales","count":1},{"place":", , Pennsylvania, USA","count":1},{"place":", , Ontario, Canada","count":1},{"place":", , England, United Kingdom","count":1},{"place":"(Lyme) Hartland, Hartford Co., CT","count":1}]